{"app":["/app-17141800a0c8b0bc56ab.js"],"component---cache-caches-gatsby-plugin-offline-app-shell-js":["/component---cache-caches-gatsby-plugin-offline-app-shell-js-5788871cb3fef7fd2c44.js"],"component---src-pages-404-js":["/component---src-pages-404-js-2d6f179d0be90887962e.js"],"component---src-pages-contacte-js":["/component---src-pages-contacte-js-79e3b234358a97acb0e4.js"],"component---src-pages-despre-noi-js":["/component---src-pages-despre-noi-js-ed633ae5e86219cb8fdf.js"],"component---src-pages-index-js":["/component---src-pages-index-js-615a94c22646f4d2dea1.js"]}