{"errors":[],"warnings":[],"namedChunkGroups":{"app":{"chunks":[9,8,2],"assets":["webpack-runtime-e5e43f2c33c5927bde4e.js","webpack-runtime-e5e43f2c33c5927bde4e.js.map","framework-972833c791692296cdd7.js","framework-972833c791692296cdd7.js.map","app-17141800a0c8b0bc56ab.js","app-17141800a0c8b0bc56ab.js.map"],"children":{},"childAssets":{}},"component---cache-caches-gatsby-plugin-offline-app-shell-js":{"chunks":[3],"assets":["component---cache-caches-gatsby-plugin-offline-app-shell-js-5788871cb3fef7fd2c44.js","component---cache-caches-gatsby-plugin-offline-app-shell-js-5788871cb3fef7fd2c44.js.map"],"children":{},"childAssets":{}},"component---src-pages-404-js":{"chunks":[0,4],"assets":["styles.7f53b3c7a54e22c4800c.css","styles-6b8affa5cc22cb60670e.js","styles-6b8affa5cc22cb60670e.js.map","component---src-pages-404-js-2d6f179d0be90887962e.js","component---src-pages-404-js-2d6f179d0be90887962e.js.map"],"children":{},"childAssets":{}},"component---src-pages-contacte-js":{"chunks":[0,1,5],"assets":["styles.7f53b3c7a54e22c4800c.css","styles-6b8affa5cc22cb60670e.js","styles-6b8affa5cc22cb60670e.js.map","dfbc0dab4377155d2ce2f407e0af38147e0b1967-a96c77f9d7e131cbf5c3.js","dfbc0dab4377155d2ce2f407e0af38147e0b1967-a96c77f9d7e131cbf5c3.js.map","component---src-pages-contacte-js-79e3b234358a97acb0e4.js","component---src-pages-contacte-js-79e3b234358a97acb0e4.js.map"],"children":{},"childAssets":{}},"component---src-pages-despre-noi-js":{"chunks":[0,1,6],"assets":["styles.7f53b3c7a54e22c4800c.css","styles-6b8affa5cc22cb60670e.js","styles-6b8affa5cc22cb60670e.js.map","dfbc0dab4377155d2ce2f407e0af38147e0b1967-a96c77f9d7e131cbf5c3.js","dfbc0dab4377155d2ce2f407e0af38147e0b1967-a96c77f9d7e131cbf5c3.js.map","component---src-pages-despre-noi-js-ed633ae5e86219cb8fdf.js","component---src-pages-despre-noi-js-ed633ae5e86219cb8fdf.js.map"],"children":{},"childAssets":{}},"component---src-pages-index-js":{"chunks":[0,1,7],"assets":["styles.7f53b3c7a54e22c4800c.css","styles-6b8affa5cc22cb60670e.js","styles-6b8affa5cc22cb60670e.js.map","dfbc0dab4377155d2ce2f407e0af38147e0b1967-a96c77f9d7e131cbf5c3.js","dfbc0dab4377155d2ce2f407e0af38147e0b1967-a96c77f9d7e131cbf5c3.js.map","component---src-pages-index-js-615a94c22646f4d2dea1.js","component---src-pages-index-js-615a94c22646f4d2dea1.js.map"],"children":{},"childAssets":{}}},"assetsByChunkName":{"app":["webpack-runtime-e5e43f2c33c5927bde4e.js","framework-972833c791692296cdd7.js","app-17141800a0c8b0bc56ab.js"],"component---cache-caches-gatsby-plugin-offline-app-shell-js":["component---cache-caches-gatsby-plugin-offline-app-shell-js-5788871cb3fef7fd2c44.js"],"component---src-pages-404-js":["styles.7f53b3c7a54e22c4800c.css","styles-6b8affa5cc22cb60670e.js","component---src-pages-404-js-2d6f179d0be90887962e.js"],"component---src-pages-contacte-js":["styles.7f53b3c7a54e22c4800c.css","styles-6b8affa5cc22cb60670e.js","dfbc0dab4377155d2ce2f407e0af38147e0b1967-a96c77f9d7e131cbf5c3.js","component---src-pages-contacte-js-79e3b234358a97acb0e4.js"],"component---src-pages-despre-noi-js":["styles.7f53b3c7a54e22c4800c.css","styles-6b8affa5cc22cb60670e.js","dfbc0dab4377155d2ce2f407e0af38147e0b1967-a96c77f9d7e131cbf5c3.js","component---src-pages-despre-noi-js-ed633ae5e86219cb8fdf.js"],"component---src-pages-index-js":["styles.7f53b3c7a54e22c4800c.css","styles-6b8affa5cc22cb60670e.js","dfbc0dab4377155d2ce2f407e0af38147e0b1967-a96c77f9d7e131cbf5c3.js","component---src-pages-index-js-615a94c22646f4d2dea1.js"]}}